1,Del,Branca,dbranca0,dbranca0@psu.edu,Mm8y5z,False
2,Elvis,Birley,ebirley1,ebirley1@miibeian.gov.cn,G8hBTvnRNjx,False
3,Alasteir,Sabati,asabati2,asabati2@simplemachines.org,6flS9Lhv,False
4,Cordie,Shorton,cshorton3,cshorton3@newyorker.com,cnEP339,False
5,Teodoro,Beinke,tbeinke4,tbeinke4@tripadvisor.com,zy7PKXZX,False
6,Yvor,Sherringham,ysherringham5,ysherringham5@dailymotion.com,2eyg1eg1b,False
7,Josy,Grint,jgrint6,jgrint6@ed.gov,iSRaZDqts,False
8,Martainn,Ferrierio,mferrierio7,mferrierio7@deliciousdays.com,GTZAJ34BA8S,False
9,Micki,Antoniades,mantoniades8,mantoniades8@amazon.co.jp,gDEE3F1,False
10,Jefferey,Titterington,jtitterington9,jtitterington9@springer.com,nCaU5Gk4Dz,False
11,Avram,Lewington,al,alewingtona@globo.com,al,True
12,Ranna,Canto,rcantob,rcantob@senate.gov,QLvYAX,False
13,Rivy,Pett,rpettc,rpettc@un.org,YGAFqcs3bT,False
14,Maiga,Rockell,mrockelld,mrockelld@godaddy.com,Cd0tNKWz1Wri,False
15,Dottie,Ruspine,druspinee,druspinee@accuweather.com,P2oklsezoV1h,False
16,Rani,Casillis,rcasillisf,rcasillisf@discuz.net,35GmbeCoO9,False
17,Sisile,Aleksahkin,saleksahking,saleksahking@freewebs.com,wdRxXFjb,False
18,Floris,Dunthorn,fdunthornh,fdunthornh@cafepress.com,ZeTPlFQQ1,False
19,Waylon,Isakowicz,wisakowiczi,wisakowiczi@house.gov,nacBbR7yP5,False
20,Uriah,Tiery,utieryj,utieryj@samsung.com,L9oJsszr,False
21,Dora,Engelbrecht,dengelbrechtk,dengelbrechtk@angelfire.com,HcqAp5bX,False
22,Griffy,Domenico,gdomenicol,gdomenicol@flavors.me,mqg146r,False
23,Cathy,Fawcitt,cfawcittm,cfawcittm@opera.com,vMo9VfYIWwQf,False
24,Ruth,Poate,rpoaten,rpoaten@shareasale.com,KmZ4rPPWV,False
25,Terza,Damp,tdampo,tdampo@ebay.com,7ejtnXHW4,False